{"cameraMode":{"drawMode":0,"name":"Shaded","section":"Shading Mode"},"sceneLighting":true,"audioPlay":false,"sceneViewState":{"showFog":true,"showMaterialUpdate":false,"showSkybox":true,"showFlares":true,"showImageEffects":true,"showParticleSystems":true},"in2DMode":false,"pivot":{"x":-7.4876790046691898,"y":-0.07120323181152344,"z":0.7963876724243164},"rotation":{"x":-0.2401704639196396,"y":0.05908132717013359,"z":-0.014648222364485264,"w":-0.9688243269920349},"size":3.257054090499878,"orthographic":false}